-- Usar la base de datos para nuestro estudio
USE snow;

-- -------------------------------------------------- JobTitle --------------------------------------------------
-- Llenar la base de datos con los puestos de trabajo
INSERT INTO JobTitle (JobCode, JobDescription) VALUES
(1000, 'Ingeniero Civil'),
(1001, 'Ingeniero Mecánico'),
(1002, 'Ingeniero Eléctrico'),
(1003, 'Ingeniero Químico'),
(1004, 'Ingeniero de Software'),
(1005, 'Ingeniero Industrial'),
(1006, 'Ingeniero de Sistemas'),
(1007, 'Ingeniero Agrónomo'),
(1008, 'Ingeniero de Telecomunicaciones'),
(1009, 'Ingeniero de Procesos'),
(1010, 'Carpintero de Madera'),
(1011, 'Ebanista'),
(1012, 'Carpintero Metálico'),
(1013, 'Carpintero de Aluminio'),
(1014, 'Carpintero Naval'),
(1015, 'Carpintero de Obra'),
(1016, 'Asistente Administrativo'),
(1017, 'Secretario'),
(1018, 'Recepcionista'),
(1019, 'Coordinador Administrativo'),
(1020, 'Auxiliar Contable');

-- Seleccionar los datos de la tabla JobTitle, mostrar por orden de código
SELECT * FROM JobTitle
ORDER BY JobCode;

-- -------------------------------------------------- QualPercent --------------------------------------------------
-- Llenar la tabla QualPercent con la calificación técnica de cada puesto de trabajo
INSERT INTO QualPercent (JobCode, TechnicalQual) VALUES
(1000, 1),
(1001, 1),
(1002, 1),
(1003, 1),
(1004, 1),
(1005, 1),
(1006, 1),
(1007, 1),
(1008, 1),
(1009, 1),
(1010, 0.05),
(1011, 0.1),
(1012, 0.15),
(1013, 0.15),
(1014, 0.2),
(1015, 0.2),
(1016, 0),
(1017, 0),
(1018, 0),
(1019, 0),
(1020, 0.1);

-- Seleccionar los datos de la tabla QualPercent, mostrar por orden de código
SELECT * FROM QualPercent
ORDER BY JobCode;

-- -------------------------------------------------- Entity --------------------------------------------------
-- Insertar datos en la tabla Entity.
INSERT INTO Entity
VALUES
    (298, 'Tech Solutions Inc.', 'Technology', 'United States', 'US123456789'),
    (23, 'Future AI Systems', 'Artificial Intelligence', 'United States', 'US234567890'),
    (102, 'GreenBuild Corp.', 'Sustainable Construction', 'United States', 'US345678901'),
    (55, 'Quantum Innovations', 'Quantum Computing', 'United States', 'US456789012'),
    (18, 'EcoTech Industries', 'Renewable Energy', 'United States', 'US567890123'),
    (36, 'SmartMed Technologies', 'Healthcare', 'United States', 'US678901234'),
    (129, 'AgriTech Solutions', 'Agriculture', 'United States', 'US789012345'),
    (67, 'NextGen Manufacturing', 'Manufacturing', 'United States', 'US890123456'),
    (14, 'CyberSec Solutions', 'Cybersecurity', 'United States', 'US901234567'),
    (49, 'Urban Innovations', 'Urban Development', 'United States', 'US012345678'),
    (31, 'AeroTech Systems', 'Aerospace', 'United States', 'US345678912'),
    (53, 'Green Innovations Ltd.', 'Renewable Energy', 'United Kingdom', 'UK987654321'),
    (125, 'BioVision Ltd.', 'Biotechnology', 'United Kingdom', 'UK876543210'),
    (126, 'Future Energy Plc.', 'Energy', 'United Kingdom', 'UK765432109'),
    (189, 'EduTech Solutions', 'Education Technology', 'United Kingdom', 'UK654321098'),
    (124, 'BlueWave Marine', 'Marine Technology', 'United Kingdom', 'UK543210987'),
    (15, 'Quantum Research Ltd.', 'Quantum Computing', 'United Kingdom', 'UK432109876'),
    (98, 'HealthCore Innovations', 'Healthcare', 'United Kingdom', 'UK321098765'),
    (122, 'AgriFuture Ltd.', 'Agriculture', 'United Kingdom', 'UK210987654'),
    (123, 'HealthTech Innovations', 'Healthcare', 'Brazil', 'BR998877665'),
    (42, 'AgroFuture SA', 'Agriculture', 'Brazil', 'BR887766554'),
    (29, 'SolarBright Solutions', 'Solar Energy', 'Brazil', 'BR776655443'),
    (784, 'BioEnergy Solutions', 'Renewable Energy', 'Brazil', 'BR665544332'),
    (669, 'UrbanTech Brazil', 'Urban Development', 'Brazil', 'BR554433221');

-- Consulta para verificar los datos insertados
SELECT * FROM Entity
ORDER BY EntityID;

-- -------------------------------------------------- Employee --------------------------------------------------
-- Llenar la base de datos con los empleados
INSERT INTO Employee (EmployeeName, JobCode, EntityID, Email) VALUES 
('Santiago Calvo', 1017, 298, 'santiago.calvo@snow.co'),
('Rocky Balboa', 1006, 23, 'rocky.balboa@snow.co'),
('Adrian Pennino', 1007, 42, 'adrian.pennino@snow.co'),
('Apollo Creed', 1000, 55, 'apollo.creed@snow.co'),
('Mickey Goldmill', 1010, 18, 'mickey.goldmill@snow.co'),
('Paulie Pennino', 1019, 36, 'paulie.pennino@snow.co'),
('Ivan Drago', 1017, 29, 'ivan.drago@snow.co'),
('Aldana Dippolito', 1017, 29, 'aldana.dippolito@snow.co'),
('Clubber Lang', 1008, 67, 'clubber.lang@snow.co'),
('Mason Dixon', 1000, 14, 'mason.dixon@snow.co'),
('Tommy Gunn', 1009, 49, 'tommy.gunn@snow.co'),
('Rocky Jr.', 1005, 31, 'rocky.jr@snow.co'),
('Rachel Green', 1018, 298, 'rachel.green@snow.co'),
('Monica Geller', 1009, 53, 'monica.geller@snow.co'),
('Phoebe Buffay', 1019, 23, 'phoebe.buffay@snow.co'),
('Martina Costilla', 1006, 23, 'martina.costilla@snow.co'),
('Joey Tribbiani', 1010, 42, 'joey.tribbiani@snow.co'),
('Chandler Bing', 1018, 55, 'chandler.bing@snow.co'),
('Ross Geller', 1007, 18, 'ross.geller@snow.co'),
('Jerry Seinfeld', 1007, 36, 'jerry.seinfeld@snow.co'),
('Elaine Benes', 1009, 29, 'elaine.benes@snow.co'),
('Cosmo Kramer', 1006, 67, 'cosmo.kramer@snow.co'),
('George Costanza', 1008, 14, 'george.costanza@snow.co'),
('Frank Costanza', 1006, 31, 'frank.costanza@snow.co'),
('Estelle Costanza', 1018, 298, 'estelle.costanza@snow.co'),
('Susan Ross', 1010, 53, 'susan.ross@snow.co'),
('David Puddy', 1018, 23, 'david.puddy@snow.co'),
('Helen Seinfeld', 1007, 42, 'helen.seinfeld@snow.co'),
('Homer Simpson', 1017, NULL, 'homer.simpson@snow.co'),
('Marge Simpson', 1019, NULL, 'marge.simpson@snow.co'),
('Bart Simpson', 1005, NULL, 'bart.simpson@snow.co'),
('Lisa Simpson', 1019, NULL, 'lisa.simpson@snow.co'),
('Maggie Simpson', 1019, NULL, 'maggie.simpson@snow.co'),
('Ned Flanders', 1010, 125, 'ned.flanders@snow.co'),
('Principal Skinner', 1017, 125, 'principal.skinner@snow.co'),
('Moe Szyslak', 1017, 125, 'moe.szyslak@snow.co'),
('Mr. Burns', 1010, 126, 'mr.burns@snow.co'),
('Krusty the Clown', 1010, 126, 'krusty.clown@snow.co'),
('Victoria Beckham', 1000, 189, 'victoria.beckham@snow.co'),
('David Beckham', 1018, 189, 'david.beckham@snow.co'),
('Harry Windsor', 1018, 189, 'harry.windsor@snow.co'),
('Meghan Markle', 1010, NULL, 'meghan.markle@snow.co'),
('Felipe de Borbón', 1005, 189, 'felipe.borbon@snow.co'),
('Letizia Ortiz', 1008, 124, 'letizia.ortiz@snow.co'),
('Guillermo de Inglaterra', 1019, 124, 'guillermo.inglaterra@snow.co'),
('Catalina Middleton', 1010, 124, 'catalina.middleton@snow.co'),
('Carlos de Inglaterra', 1007, 15, 'carlos.inglaterra@snow.co'),
('Camilla Parker', 1018, 15, 'camilla.parker@snow.co'),
('Máxima Zorreguieta', 1008, 15, 'maxima.zorreguieta@snow.co'),
('Marie-Chantal Miller', 1005, NULL, 'mariechantal.miller@snow.co'),
('Guillermo Luxemburgo', 1019, 98, 'guillermo.luxemburgo@snow.co'),
('Máxima Luxemburgo', 1007, 98, 'maxima.luxemburgo@snow.co'),
('Haakon de Noruega', 1018, 189, 'haakon.noruega@snow.co'),
('Mette-Marit de Noruega', 1005, 189, 'mettemarit.noruega@snow.co'),
('Naruhito de Japón', 1018, 124, 'naruhito.japon@snow.co'),
('Masako Owada', 1006, 124, 'masako.owada@snow.co'),
('Felipe VI de España', 1006, 15, 'felipe.espana@snow.co'),
('Rania de Jordania', 1009, 98, 'rania.jordania@snow.co'),
('Diego Maradona', 1019, 98, 'diego.maradona@snow.co'),
('Lionel Messi', 1017, 98, 'lionel.messi@snow.co'),
('Carlos Gardel', 1008, 98, 'carlos.gardel@snow.co'),
('Gabriel García Márquez', 1006, 53, 'gabriel.garcia@snow.co'),
('Pablo Neruda', 1017, 53, 'pablo.neruda@snow.co'),
('Frida Kahlo', 1010, 53, 'frida.kahlo@snow.co'),
('Salvador Dalí', 1009, 53, 'salvador.dali@snow.co'),
('Pablo Picasso', 1009, 15, 'pablo.picasso@snow.co'),
('Diego Rivera', 1017, 15, 'diego.rivera@snow.co'),
('Antonio Banderas', 1019, 15, 'antonio.banderas@snow.co'),
('Penélope Cruz', 1006, 15, 'penelope.cruz@snow.co'),
('Pedro Almodóvar', 1006, 189, 'pedro.almodovar@snow.co'),
('Sofía Vergara', 1007, 189, 'sofia.vergara@snow.co'),
('Gael García Bernal', 1019, 189, 'gael.bernal@snow.co'),
('Ricardo Darín', 1007, 98, 'ricardo.darin@snow.co'),
('Juan Cruz Giacche', 1019, 189, 'juan.cruz.giacche@snow.co'),
('Luisana Lopilato', 1005, 98, 'luisana.lopilato@snow.co'),
('Marta Minujín', 1010, 98, 'marta.minujin@snow.co'),
('Mercedes Sosa', 1008, 98, 'mercedes.sosa@snow.co'),
('Che Guevara', 1009, NULL, 'che.guevara@snow.co'),
('Eva Perón', 1019, NULL, 'eva.peron@snow.co'),
('Carlos Monzón', 1009, NULL, 'carlos.monzon@snow.co'),
('Julio Cortázar', 1005, NULL, 'julio.cortazar@snow.co'),
('Jorge Luis Borges', 1018, NULL, 'jorge.borges@snow.co'),
('José de San Martín', 1007, NULL, 'jose.sanmartin@snow.co'),
('Juan Manuel Fangio', 1010, NULL, 'juan.fangio@snow.co'),
('René Favaloro', 1006, NULL, 'rene.favaloro@snow.co'),
('Gabriela Sabatini', 1017, NULL, 'gabriela.sabatini@snow.co'),
('Luis Federico Leloir', 1009, NULL, 'luis.leloir@snow.co'),
('César Milstein', 1010, NULL, 'cesar.milstein@snow.co'),
('Jorge Bergoglio', 1006, NULL, 'jorge.bergoglio@snow.co'),
('Lionel Messi', 1019, NULL, 'lionel.messi2@snow.co'),
('Jorge Burruchaga', 1008, 15, 'jorge.burruchaga@snow.co'),
('Héctor Enrique', 1017, 53, 'hector.enrique@snow.co'),
('Sergio Batista', 1018, 98, 'sergio.batista@snow.co'),
('Gabriel García Márquez', 1010, NULL, 'gabriel.garcia2@snow.co'),
('Carlos Gardel', 1009, NULL, 'carlos.gardel2@snow.co'),
('Sergio Ramos', 1019, NULL, 'sergio.ramos@snow.co'),
('Karim Benzema', 1006, NULL, 'karim.benzema@snow.co'),
('Luka Modric', 1010, NULL, 'luka.modric@snow.co'),
('Gareth Bale', 1017, NULL, 'gareth.bale@snow.co'),
('Thibaut Courtois', 1019, NULL, 'thibaut.courtois@snow.co');

-- Verificar los datos de la tabla Empleados
SELECT * FROM Employee
ORDER BY EmployeeID;

-- -------------------------------------------------- HireTermDates --------------------------------------------------
-- Insertamos las fechas de contratación y terminación en HireTermDates
INSERT INTO HireTermDates (EmployeeID, HireDate, TerminationDate) VALUES
(1, '2015-02-10', NULL),
(2, '2005-11-15', NULL),
(3, '2013-04-30', '2018-06-25'),
(4, '1987-09-05', NULL),
(5, '1995-12-18', NULL),
(6, '2009-03-02', NULL),
(7, '2017-06-11', NULL),
(8, '2011-10-28', NULL),
(9, '2000-01-15', '2019-08-04'),
(10, '2007-04-20', NULL),
(11, '2012-08-03', NULL),
(12, '1998-11-27', NULL),
(13, '2003-02-14', NULL),
(14, '2016-05-01', NULL),
(15, '2008-07-09', NULL),
(16, '2014-10-17', NULL),
(17, '2004-01-29', NULL),
(18, '2011-04-10', NULL),
(19, '2006-08-22', NULL),
(20, '2010-12-05', NULL),
(21, '1997-03-15', NULL),
(22, '2002-06-28', '2020-01-01'),
(23, '2013-09-19', NULL),
(24, '2005-01-22', NULL),
(25, '2012-05-13', NULL),
(26, '2019-08-30', NULL),
(27, '2001-10-08', NULL),
(28, '1994-01-04', NULL),
(29, '1999-04-23', NULL),
(30, '2008-07-11', NULL),
(31, '2017-06-11', NULL),
(32, '2011-10-28', NULL),
(33, '2000-01-15', NULL),
(34, '2012-08-03', NULL),
(35, '1998-11-27', NULL),
(36, '2003-02-14', NULL),
(37, '2016-05-01', NULL),
(38, '2008-07-09', NULL),
(39, '2014-10-17', NULL),
(40, '2004-01-29', NULL),
(41, '2011-04-10', NULL),
(42, '2006-08-22', NULL),
(43, '2010-12-05', NULL),
(44, '1997-03-15', NULL),
(45, '2002-06-28', NULL),
(46, '2013-09-19', NULL),
(47, '2005-01-22', NULL),
(48, '2012-05-13', NULL),
(49, '2019-08-30', NULL),
(50, '2001-10-08', '2019-08-30'),
(51, '1994-01-04', NULL),
(52, '1999-04-23', NULL),
(53, '2008-07-11', NULL),
(54, '2017-06-11', NULL),
(55, '2011-10-28', NULL),
(56, '2000-01-15', '1993-09-30'),
(57, '2012-08-03', NULL),
(58, '1998-11-27', NULL),
(59, '2003-02-14', NULL),
(60, '2016-05-01', '2004-01-09'),
(61, '2008-07-09', NULL),
(62, '2014-10-17', '2024-10-17'),
(63, '2004-01-29', NULL),
(64, '2011-04-10', NULL),
(65, '2006-08-22', NULL),
(66, '2010-12-05', NULL),
(67, '1997-03-15', NULL),
(68, '2002-06-28', NULL),
(69, '2013-09-19', NULL),
(70, '2005-01-22', NULL),
(71, '2012-05-13', NULL),
(72, '2019-08-30', NULL),
(73, '2001-10-08', '2022-10-01'),
(74, '1994-01-04', NULL),
(75, '1999-04-23', NULL),
(76, '2008-07-11', NULL),
(77, '2017-06-11', NULL),
(78, '2011-10-28', NULL),
(79, '2000-01-15', NULL),
(80, '2012-08-03', NULL),
(81, '1998-11-27', NULL),
(82, '2003-02-14', NULL),
(83, '2016-05-01', '2023-10-01'),
(84, '2008-07-09', NULL),
(85, '2014-10-17', NULL),
(86, '2004-01-29', NULL),
(87, '2011-04-10', NULL),
(88, '2006-08-22', NULL),
(89, '2010-12-05', NULL),
(90, '1997-03-15', NULL),
(91, '2002-06-28', NULL),
(92, '2013-09-19', NULL),
(93, '2005-01-22', NULL),
(94, '2012-05-13', NULL),
(95, '2019-08-30', NULL),
(96, '2001-10-08', NULL),
(97, '1994-01-04', NULL),
(98, '1999-04-23', NULL),
(99, '2008-07-11', NULL),
(100, '2017-06-11', NULL);

-- -------------------------------------------------- City --------------------------------------------------
-- Tabla de hecho para almacenar las ciudades en las que está cada empleado
INSERT INTO City (EmployeeID, City) VALUES
(1, 'New York'),
(3, 'Londres'),
(5, 'Los Angeles'),
(7, 'Córdoba'),
(9, 'São Paulo'),
(10, 'Chicago'),
(12, 'Buenos Aires'),
(14, 'Roma'),
(15, 'Miami'),
(16, 'Belfast'),
(17, 'Milán'),
(19, 'Los Angeles'),
(21, 'New York'),
(22, 'Manchester'),
(23, 'Los Angeles'),
(25, 'Roma'),
(27, 'Recife'),
(29, 'New York'),
(30, 'Los Angeles'),
(32, 'Liverpool'),
(34, 'Rio de Janeiro'),
(36, 'Milán'),
(37, 'Los Angeles'),
(39, 'Bristol'),
(41, 'Buenos Aires'),
(43, 'Milán'),
(45, 'Sao Paulo'),
(47, 'Roma'),
(49, 'Belo Horizonte'),
(51, 'New York'),
(53, 'Los Angeles'),
(55, 'Roma'),
(57, 'Milán'),
(59, 'Brasília'),
(61, 'New York'),
(63, 'Los Angeles'),
(65, 'Manchester'),
(67, 'Buenos Aires'),
(69, 'Edimburgo'),
(71, 'New York'),
(73, 'Los Angeles'),
(75, 'Roma'),
(77, 'Fortaleza'),
(79, 'Milán'),
(81, 'Los Angeles'),
(83, 'London'),
(85, 'Roma'),
(87, 'Buenos Aires'),
(89, 'Milán'),
(91, 'Liverpool'),
(93, 'Roma'),
(95, 'São Paulo'),
(97, 'Los Angeles'),
(99, 'New York'),
(100, 'Londres');

-- -------------------------------------------------- WorkType --------------------------------------------------
-- Tabla WorkType para almacenar la modalidad de trabajo de cada empleado
INSERT INTO WorkType (EmployeeID, WorkType) VALUES
(1, 'Híbrido'),
(3, 'Presencial'),
(5, 'Remoto'),
(7, 'Híbrido'),
(9, 'Presencial'),
(10, 'Híbrido'),
(12, 'Remoto'),
(13, 'Presencial'),
(14, 'Híbrido'),
(16, 'Remoto'),
(17, 'Presencial'),
(18, 'Híbrido'),
(19, 'Remoto'),
(21, 'Presencial'),
(22, 'Híbrido'),
(23, 'Remoto'),
(24, 'Presencial'),
(25, 'Híbrido'),
(27, 'Remoto'),
(28, 'Presencial'),
(29, 'Híbrido'),
(30, 'Remoto'),
(32, 'Presencial'),
(33, 'Híbrido'),
(34, 'Remoto'),
(35, 'Presencial'),
(37, 'Híbrido'),
(38, 'Remoto'),
(39, 'Presencial'),
(41, 'Híbrido'),
(42, 'Remoto'),
(43, 'Presencial'),
(45, 'Híbrido'),
(46, 'Remoto'),
(47, 'Presencial'),
(48, 'Híbrido'),
(50, 'Remoto'),
(51, 'Presencial'),
(52, 'Híbrido'),
(54, 'Remoto'),
(55, 'Presencial'),
(56, 'Híbrido'),
(58, 'Remoto'),
(59, 'Presencial'),
(60, 'Híbrido'),
(62, 'Remoto'),
(63, 'Presencial'),
(65, 'Híbrido'),
(66, 'Remoto'),
(67, 'Presencial'),
(69, 'Híbrido'),
(70, 'Remoto'),
(71, 'Presencial'),
(73, 'Híbrido'),
(74, 'Remoto'),
(75, 'Presencial'),
(77, 'Híbrido'),
(78, 'Remoto'),
(79, 'Presencial'),
(81, 'Híbrido'),
(82, 'Remoto'),
(83, 'Presencial'),
(85, 'Híbrido'),
(86, 'Remoto'),
(87, 'Presencial'),
(89, 'Híbrido'),
(90, 'Remoto'),
(91, 'Presencial'),
(93, 'Híbrido'),
(94, 'Remoto'),
(95, 'Presencial'),
(97, 'Híbrido'),
(98, 'Remoto'),
(99, 'Presencial'),
(100, 'Híbrido');

-- -------------------------------------------------- ProjectList --------------------------------------------------
-- Tabla con los nombres y IDs de los proyectos
INSERT INTO ProjectList (ProjectName) VALUES
('Tesla Autopilot Upgrade'),
('Cybertruck Production Optimization'),
('SpaceX Mars Mission Planning'),
('Neuralink Brain-Computer Interface Research'),
('Model S Performance Enhancement'),
('Hyperloop Development Phase 2'),
('Tesla Energy Grid Expansion'),
('Starlink Satellite Constellation Deployment'),
('AI-Driven Robotic Arm Development'),
('GigaFactory Automation Upgrade'),
('Project X12: Quantum Computing Research'),
('Neural Network Deep Learning Project'),
('Falcon Heavy Payload Capacity Enhancement'),
('Tesla Powerwall 3.0 Integration'),
('Model 3 Battery Efficiency Improvement'),
('Smart City IoT Infrastructure Deployment'),
('Project Cybernetic: Neural Implant Technology'),
('Tesla Semi-Truck Autonomy Testing'),
('Mars Rover AI Navigation System'),
('Project HyperDrive: Warp Engine Prototype'),
('Neuralink 2.0: Brain Augmentation Trials'),
('Model Y Electric Motor Innovation'),
('Project SolarFlare: Solar Panel Efficiency Boost'),
('Quantum AI Computing Cluster Deployment'),
('AI-Assisted Medical Diagnosis Project'),
('Tesla Roadster 2.0 Performance Upgrade'),
('Project X1: Teleportation Device Experimentation'),
('Neuralink Sleep Enhancement Interface'),
('Project Titan: Autonomous Drone Fleet Development');

-- -------------------------------------------------- Hours --------------------------------------------------
INSERT INTO Hours (EmployeeID, ProjectID, HoursWorked) VALUES
(25, 1, 45),
(12, 2, 40),
(36, 3, 50),
(9, 4, 30),
(17, 5, 20),
(8, 6, 60),
(8, 7, 50),
(41, 8, 35),
(14, 9, 40),
(22, 10, 30),
(6, 11, 25),
(35, 12, 45),
(24, 13, 50),
(5, 14, 60),
(33, 15, 20),
(27, 16, 35),
(19, 17, 40),
(4, 18, 50),
(21, 19, 55),
(40, 20, 30),
(30, 21, 45),
(18, 22, 50),
(7, 23, 40),
(23, 24, 60),
(20, 25, 50),
(42, 26, 45),
(10, 27, 55),
(37, 28, 30),
(29, 29, 40),
(31, 1, 50),
(12, 3, 35),
(15, 4, 40),
(16, 5, 45),
(34, 6, 25),
(39, 7, 55),
(13, 8, 45),
(28, 9, 30),
(44, 10, 50),
(48, 11, 60),
(26, 12, 30),
(45, 13, 40),
(38, 14, 50),
(50, 15, 25),
(49, 16, 55),
(46, 17, 35),
(47, 18, 50),
(28, 19, 40),
(36, 20, 45),
(38, 21, 50),
(47, 22, 40),
(36, 23, 30),
(25, 24, 60),
(40, 25, 55),
(45, 26, 50),
(33, 27, 45),
(49, 28, 55),
(46, 29, 40);

-- Verificar las horas por cada empleado
SELECT * FROM Hours
ORDER BY EmployeeID;

-- -------------------------------------------------- Wages --------------------------------------------------
-- Llenar la Tabla Wages con EmployeeID del 1 al 100
INSERT INTO Wages (EmployeeID, Wage) VALUES
(1, 136500.00),
(2, 391500.00),
(3, 140500.00),
(4, 148200.00),
(5, 143700.00),
(6, 376000.00),
(7, 119500.00),
(8, 394200.00),
(9, 389800.00),
(10, 386700.00),
(11, 125500.00),
(12, 146400.00),
(13, 388400.00),
(14, 131900.00),
(15, 143600.00),
(16, 135100.00),
(17, 141200.00),
(18, 382000.00),
(19, 133300.00),
(20, 142300.00),
(21, 145900.00),
(22, 387200.00),
(23, 390400.00),
(24, 147700.00),
(25, 141800.00),
(26, 132500.00),
(27, 384300.00),
(28, 132400.00),
(29, 138200.00),
(30, 145500.00),
(31, 130700.00),
(32, 143900.00),
(33, 391600.00),
(34, 135800.00),
(35, 142500.00),
(36, 142200.00),
(37, 386500.00),
(38, 392700.00),
(39, 125600.00),
(40, 141900.00),
(41, 147300.00),
(42, 383100.00),
(43, 132100.00),
(44, 134200.00),
(45, 387300.00),
(46, 137500.00),
(47, 146700.00),
(48, 387400.00),
(49, 131800.00),
(50, 390600.00),
(51, 139400.00),
(52, 392900.00),
(53, 130300.00),
(54, 136800.00),
(55, 142700.00),
(56, 144300.00),
(57, 389700.00),
(58, 130600.00),
(59, 146200.00),
(60, 383400.00),
(61, 139300.00),
(62, 136200.00),
(63, 131500.00),
(64, 387000.00),
(65, 141100.00),
(66, 390800.00),
(67, 144600.00),
(68, 133000.00),
(69, 138500.00),
(70, 141400.00),
(71, 383900.00),
(72, 130900.00),
(73, 146800.00),
(74, 138800.00),
(75, 389000.00),
(76, 130200.00),
(77, 146100.00),
(78, 136300.00),
(79, 383200.00),
(80, 142000.00),
(81, 389100.00),
(82, 131000.00),
(83, 138300.00),
(84, 146500.00),
(85, 384200.00),
(86, 141700.00),
(87, 134000.00),
(88, 140000.00),
(89, 389500.00),
(90, 132700.00),
(91, 147600.00),
(92, 135700.00),
(93, 390700.00),
(94, 145400.00),
(95, 139700.00),
(96, 130500.00),
(97, 384500.00),
(98, 145000.00),
(99, 137900.00),
(100, 134100.00);

SELECT * FROM Wages
ORDER BY EmployeeID ASC;

-- -------------------------------------------------- Tasks --------------------------------------------------
-- Tabla con las tareas asignadas a cada persona por proyecto
INSERT INTO Tasks (ProjectNumber, TaskName, Description, Status, DueDate, AssignedTo) VALUES
(1, 'Improve AI Model', 'Enhance machine learning algorithms for better decision-making.', 'In Progress', '2025-03-10', 12),
(1, 'Test Autonomous Driving in Urban Areas', 'Evaluate self-driving capabilities in city environments.', 'Pending', '2025-04-01', 5),
(1, 'Enhance Sensor Accuracy', 'Optimize LIDAR and camera performance.', 'In Progress', '2025-03-20', 37),
(2, 'Optimize Production Line', 'Increase efficiency in Cybertruck assembly.', 'Pending', '2025-04-15', 25),
(2, 'Reduce Manufacturing Costs', 'Find alternative suppliers and materials.', 'In Progress', '2025-05-10', 26),
(2, 'Test Durability of Exoskeleton', 'Conduct extreme weather and impact tests.', 'Completed', '2025-02-20', 93),
(3, 'Research Propellant Options', 'Investigate alternative fuels for Mars travel.', 'In Progress', '2025-06-20', 18),
(3, 'Design Mars Habitat Modules', 'Create sustainable living units for astronauts.', 'Pending', '2025-07-10', 10),
(3, 'Simulate Entry, Descent & Landing', 'Run aerodynamic tests for Mars atmosphere.', 'Completed', '2025-01-15', 14),
(4, 'Develop Brain-Computer Interface', 'Enhance communication speed between neurons and devices.', 'In Progress', '2025-07-05', 13),
(4, 'Improve Neural Signal Processing', 'Refine AI models for decoding brain activity.', 'In Progress', '2025-06-15', 79),
(4, 'Human Trials Phase 1', 'Conduct initial non-invasive experiments.', 'Pending', '2025-08-20', 11),
(5, 'Increase Battery Capacity', 'Test new materials for better battery longevity.', 'Pending', '2025-05-30', 7),
(5, 'Enhance Aerodynamics', 'Reduce drag coefficient for better efficiency.', 'Completed', '2025-02-28', 22),
(5, 'Optimize Regenerative Braking', 'Improve energy recovery system.', 'In Progress', '2025-04-12', 98),
(6, 'Improve Vacuum Tube Design', 'Enhance safety and efficiency of Hyperloop.', 'Completed', '2025-02-20', 44),
(6, 'Test Maglev Propulsion System', 'Optimize electromagnetic levitation and acceleration.', 'Pending', '2025-09-05', 1),
(6, 'Build Full-Scale Test Track', 'Construct a working model for trials.', 'In Progress', '2025-08-15', 11);

-- -------------------------------------------------- Stakeholders --------------------------------------------------
-- Tabla con la información de los Stakeholders por proyecto
INSERT INTO Stakeholders (ProjectNumber, Name, Type, ContactInfo) VALUES
(1, 'Meredith Grey', 'Internal', 'meredith@tesla.com'),
(1, 'Derek Shepherd', 'Internal', 'derek@tesla.com'),
(2, 'Cristina Yang', 'Internal', 'cristina@tesla.com'),
(2, 'Alex Karev', 'Internal', 'alex@tesla.com'),
(3, 'Miranda Bailey', 'Internal', 'miranda@spacex.com'),
(3, 'Richard Webber', 'Internal', 'richard@spacex.com'),
(4, 'George O Malley', 'Internal', 'george@neuralink.com'),
(4, 'Izzie Stevens', 'Internal', 'izzie@neuralink.com'),
(5, 'Callie Torres', 'Internal', 'callie@panasonic.com'),
(5, 'Arizona Robbins', 'Internal', 'arizona@panasonic.com'),
(6, 'April Kepner', 'Internal', 'april@hyperloop.com'),
(6, 'Jackson Avery', 'Internal', 'jackson@hyperloop.com'),
(6, 'Amelia Shepherd', 'Internal', 'amelia@hyperloop.com');